First Name,Last Name,Email Address,HID,Serial_No
Monica,Chen,huiychen@indiana.edu,HID101,1
Arif,Dianprakasa,arifdian@umail.iu.edu,HID102,2
Gabriel,Jones,gabejone@indiana.edu,HID104,3
Josh,Lipe-Melton,jlipemel@umail.iu.edu,HID105,4
Qiaoyi,Liu,ql30@umail.iu.edu,HID106,5
Juan,Ni,nijuan@umail.iu.edu,HID107,6
Shiqi,Shen,shiqshen@umail.iu.edu,HID109,7
Derek,Lewis,derlewis@iu.edu,HID111,8
Arnav,Arnav,aarnav@iu.edu,HID201,9
Himani,Bhatt,himbhatt@iu.edu,HID202,10
